UPN,As-Built Northing,As Built Easting,As Built Top Elevation,As-Built Reveal (ft),As-Built Embedment
400254,366084.1609,2262867.807,908.251964,908.251964,-893.251964
400256,365560.983,2262965.223,905.3892118,905.3892118,-890.3892118
400257,365561.0298,2262024.23,904.2979482,904.2979482,-889.2979482
400259,365557.42745,2262318.2267045,902.0910745,902.0910745,-887.0910745
400261,365557.4663,2262298.872,902.73681865,902.73681865,-887.73681865
